timestamp,value,source_table,source_db
20250924T000831,55.0,cnt:Humidity,/home/parks/tinyIoT/source/server/data.db
20250924T000856,55.0,cnt:Humidity,/home/parks/tinyIoT/source/server/data.db
20250924T000921,55.0,cnt:Humidity,/home/parks/tinyIoT/source/server/data.db
20250924T000946,55.0,cnt:Humidity,/home/parks/tinyIoT/source/server/data.db
20250924T001011,55.0,cnt:Humidity,/home/parks/tinyIoT/source/server/data.db
20250924T001035,55.0,cnt:Humidity,/home/parks/tinyIoT/source/server/data.db
20250924T001100,55.0,cnt:Humidity,/home/parks/tinyIoT/source/server/data.db
20250924T001125,55.0,cnt:Humidity,/home/parks/tinyIoT/source/server/data.db
20250924T001150,55.0,cnt:Humidity,/home/parks/tinyIoT/source/server/data.db
20250924T001215,55.0,cnt:Humidity,/home/parks/tinyIoT/source/server/data.db
20250924T001240,55.0,cnt:Humidity,/home/parks/tinyIoT/source/server/data.db
20250924T001305,55.0,cnt:Humidity,/home/parks/tinyIoT/source/server/data.db
20250924T001329,55.0,cnt:Humidity,/home/parks/tinyIoT/source/server/data.db
20250924T001354,55.0,cnt:Humidity,/home/parks/tinyIoT/source/server/data.db
20250924T001419,55.0,cnt:Humidity,/home/parks/tinyIoT/source/server/data.db
20250924T001444,55.0,cnt:Humidity,/home/parks/tinyIoT/source/server/data.db
20250924T001508,55.0,cnt:Humidity,/home/parks/tinyIoT/source/server/data.db
20250924T001533,55.0,cnt:Humidity,/home/parks/tinyIoT/source/server/data.db
20250924T001558,55.0,cnt:Humidity,/home/parks/tinyIoT/source/server/data.db
20250924T001623,55.0,cnt:Humidity,/home/parks/tinyIoT/source/server/data.db
20250924T001648,55.0,cnt:Humidity,/home/parks/tinyIoT/source/server/data.db
20250924T001712,55.0,cnt:Humidity,/home/parks/tinyIoT/source/server/data.db
20250924T001737,55.0,cnt:Humidity,/home/parks/tinyIoT/source/server/data.db
20250924T001802,55.0,cnt:Humidity,/home/parks/tinyIoT/source/server/data.db
20250924T001826,55.0,cnt:Humidity,/home/parks/tinyIoT/source/server/data.db
20250924T001851,55.0,cnt:Humidity,/home/parks/tinyIoT/source/server/data.db
20250924T001916,55.0,cnt:Humidity,/home/parks/tinyIoT/source/server/data.db
20250924T001941,55.0,cnt:Humidity,/home/parks/tinyIoT/source/server/data.db
20250924T002006,55.0,cnt:Humidity,/home/parks/tinyIoT/source/server/data.db
20250924T002030,55.0,cnt:Humidity,/home/parks/tinyIoT/source/server/data.db
20250924T002055,55.0,cnt:Humidity,/home/parks/tinyIoT/source/server/data.db
20250924T002120,55.0,cnt:Humidity,/home/parks/tinyIoT/source/server/data.db
20250924T002144,55.0,cnt:Humidity,/home/parks/tinyIoT/source/server/data.db
20250924T002209,55.0,cnt:Humidity,/home/parks/tinyIoT/source/server/data.db
20250924T002234,55.0,cnt:Humidity,/home/parks/tinyIoT/source/server/data.db
20250924T002259,55.0,cnt:Humidity,/home/parks/tinyIoT/source/server/data.db
20250924T002323,55.0,cnt:Humidity,/home/parks/tinyIoT/source/server/data.db
20250924T002348,55.0,cnt:Humidity,/home/parks/tinyIoT/source/server/data.db
20250924T002413,55.0,cnt:Humidity,/home/parks/tinyIoT/source/server/data.db
20250924T002438,55.0,cnt:Humidity,/home/parks/tinyIoT/source/server/data.db
20250924T002502,55.0,cnt:Humidity,/home/parks/tinyIoT/source/server/data.db
20250924T002527,55.0,cnt:Humidity,/home/parks/tinyIoT/source/server/data.db
20250924T002552,55.0,cnt:Humidity,/home/parks/tinyIoT/source/server/data.db
20250924T002617,55.0,cnt:Humidity,/home/parks/tinyIoT/source/server/data.db
20250924T002641,55.0,cnt:Humidity,/home/parks/tinyIoT/source/server/data.db
20250924T002706,55.0,cnt:Humidity,/home/parks/tinyIoT/source/server/data.db
20250924T002731,55.0,cnt:Humidity,/home/parks/tinyIoT/source/server/data.db
20250924T002756,55.0,cnt:Humidity,/home/parks/tinyIoT/source/server/data.db
20250924T002821,55.0,cnt:Humidity,/home/parks/tinyIoT/source/server/data.db
20250924T002845,55.0,cnt:Humidity,/home/parks/tinyIoT/source/server/data.db
20250924T002910,55.0,cnt:Humidity,/home/parks/tinyIoT/source/server/data.db
20250924T002935,55.0,cnt:Humidity,/home/parks/tinyIoT/source/server/data.db
20250924T003000,55.0,cnt:Humidity,/home/parks/tinyIoT/source/server/data.db
20250924T003024,55.0,cnt:Humidity,/home/parks/tinyIoT/source/server/data.db
20250924T003049,55.0,cnt:Humidity,/home/parks/tinyIoT/source/server/data.db
20250924T003114,55.0,cnt:Humidity,/home/parks/tinyIoT/source/server/data.db
20250924T003139,55.0,cnt:Humidity,/home/parks/tinyIoT/source/server/data.db
20250924T003203,55.0,cnt:Humidity,/home/parks/tinyIoT/source/server/data.db
20250924T003228,55.0,cnt:Humidity,/home/parks/tinyIoT/source/server/data.db
20250924T003253,55.0,cnt:Humidity,/home/parks/tinyIoT/source/server/data.db
20250924T003318,55.0,cnt:Humidity,/home/parks/tinyIoT/source/server/data.db
20250924T003343,55.0,cnt:Humidity,/home/parks/tinyIoT/source/server/data.db
20250924T003407,55.0,cnt:Humidity,/home/parks/tinyIoT/source/server/data.db
20250924T003432,55.0,cnt:Humidity,/home/parks/tinyIoT/source/server/data.db
20250924T003457,55.0,cnt:Humidity,/home/parks/tinyIoT/source/server/data.db
20250924T003521,55.0,cnt:Humidity,/home/parks/tinyIoT/source/server/data.db
20250924T003546,55.0,cnt:Humidity,/home/parks/tinyIoT/source/server/data.db
20250924T003611,55.0,cnt:Humidity,/home/parks/tinyIoT/source/server/data.db
20250924T003636,55.0,cnt:Humidity,/home/parks/tinyIoT/source/server/data.db
20250924T003701,55.0,cnt:Humidity,/home/parks/tinyIoT/source/server/data.db
20250924T003725,55.0,cnt:Humidity,/home/parks/tinyIoT/source/server/data.db
20250924T003750,55.0,cnt:Humidity,/home/parks/tinyIoT/source/server/data.db
20250924T003815,55.0,cnt:Humidity,/home/parks/tinyIoT/source/server/data.db
20250924T003839,55.0,cnt:Humidity,/home/parks/tinyIoT/source/server/data.db
20250924T003904,55.0,cnt:Humidity,/home/parks/tinyIoT/source/server/data.db
20250924T003929,55.0,cnt:Humidity,/home/parks/tinyIoT/source/server/data.db
20250924T003954,55.0,cnt:Humidity,/home/parks/tinyIoT/source/server/data.db
20250924T004018,55.0,cnt:Humidity,/home/parks/tinyIoT/source/server/data.db
20250924T004043,55.0,cnt:Humidity,/home/parks/tinyIoT/source/server/data.db
20250924T004108,55.0,cnt:Humidity,/home/parks/tinyIoT/source/server/data.db
20250924T004133,55.0,cnt:Humidity,/home/parks/tinyIoT/source/server/data.db
20250924T004158,55.0,cnt:Humidity,/home/parks/tinyIoT/source/server/data.db
20250924T004222,55.0,cnt:Humidity,/home/parks/tinyIoT/source/server/data.db
20250924T004247,55.0,cnt:Humidity,/home/parks/tinyIoT/source/server/data.db
20250924T004312,55.0,cnt:Humidity,/home/parks/tinyIoT/source/server/data.db
20250924T004337,55.0,cnt:Humidity,/home/parks/tinyIoT/source/server/data.db
20250924T004402,55.0,cnt:Humidity,/home/parks/tinyIoT/source/server/data.db
20250924T004426,55.0,cnt:Humidity,/home/parks/tinyIoT/source/server/data.db
20250924T004452,55.0,cnt:Humidity,/home/parks/tinyIoT/source/server/data.db
20250924T004516,55.0,cnt:Humidity,/home/parks/tinyIoT/source/server/data.db
20250924T004541,55.0,cnt:Humidity,/home/parks/tinyIoT/source/server/data.db
20250924T004606,55.0,cnt:Humidity,/home/parks/tinyIoT/source/server/data.db
20250924T004631,55.0,cnt:Humidity,/home/parks/tinyIoT/source/server/data.db
20250924T004656,55.0,cnt:Humidity,/home/parks/tinyIoT/source/server/data.db
20250924T004720,55.0,cnt:Humidity,/home/parks/tinyIoT/source/server/data.db
20250924T004745,55.0,cnt:Humidity,/home/parks/tinyIoT/source/server/data.db
20250924T004809,55.0,cnt:Humidity,/home/parks/tinyIoT/source/server/data.db
20250924T004834,55.0,cnt:Humidity,/home/parks/tinyIoT/source/server/data.db
20250924T004859,55.0,cnt:Humidity,/home/parks/tinyIoT/source/server/data.db
20250924T004924,55.0,cnt:Humidity,/home/parks/tinyIoT/source/server/data.db
20250924T004949,55.0,cnt:Humidity,/home/parks/tinyIoT/source/server/data.db
20250924T005014,55.0,cnt:Humidity,/home/parks/tinyIoT/source/server/data.db
20250924T005038,55.0,cnt:Humidity,/home/parks/tinyIoT/source/server/data.db
20250924T005103,55.0,cnt:Humidity,/home/parks/tinyIoT/source/server/data.db
20250924T005128,55.0,cnt:Humidity,/home/parks/tinyIoT/source/server/data.db
20250924T005153,55.0,cnt:Humidity,/home/parks/tinyIoT/source/server/data.db
20250924T005217,55.0,cnt:Humidity,/home/parks/tinyIoT/source/server/data.db
20250924T005242,55.0,cnt:Humidity,/home/parks/tinyIoT/source/server/data.db
20250924T005307,55.0,cnt:Humidity,/home/parks/tinyIoT/source/server/data.db
20250924T005332,55.0,cnt:Humidity,/home/parks/tinyIoT/source/server/data.db
20250924T005356,55.0,cnt:Humidity,/home/parks/tinyIoT/source/server/data.db
20250924T005421,55.0,cnt:Humidity,/home/parks/tinyIoT/source/server/data.db
20250924T005446,55.0,cnt:Humidity,/home/parks/tinyIoT/source/server/data.db
20250924T005511,55.0,cnt:Humidity,/home/parks/tinyIoT/source/server/data.db
20250924T005535,55.0,cnt:Humidity,/home/parks/tinyIoT/source/server/data.db
20250924T005600,55.0,cnt:Humidity,/home/parks/tinyIoT/source/server/data.db
20250924T005625,55.0,cnt:Humidity,/home/parks/tinyIoT/source/server/data.db
20250924T005650,55.0,cnt:Humidity,/home/parks/tinyIoT/source/server/data.db
20250924T005715,55.0,cnt:Humidity,/home/parks/tinyIoT/source/server/data.db
20250924T005739,55.0,cnt:Humidity,/home/parks/tinyIoT/source/server/data.db
20250924T005804,55.0,cnt:Humidity,/home/parks/tinyIoT/source/server/data.db
20250924T005829,55.0,cnt:Humidity,/home/parks/tinyIoT/source/server/data.db
20250924T005854,55.0,cnt:Humidity,/home/parks/tinyIoT/source/server/data.db
20250924T005919,55.0,cnt:Humidity,/home/parks/tinyIoT/source/server/data.db
20250924T005943,55.0,cnt:Humidity,/home/parks/tinyIoT/source/server/data.db
20250924T010008,55.0,cnt:Humidity,/home/parks/tinyIoT/source/server/data.db
20250924T010033,55.0,cnt:Humidity,/home/parks/tinyIoT/source/server/data.db
20250924T172318,68.0,cnt:Humidity,/home/parks/tinyIoT/source/server/data.db
20250924T173035,67.0,cnt:Humidity,/home/parks/tinyIoT/source/server/data.db
20250924T173147,67.0,cnt:Humidity,/home/parks/tinyIoT/source/server/data.db
20250924T173212,67.0,cnt:Humidity,/home/parks/tinyIoT/source/server/data.db
20250924T173237,67.0,cnt:Humidity,/home/parks/tinyIoT/source/server/data.db
20250924T173301,67.0,cnt:Humidity,/home/parks/tinyIoT/source/server/data.db
20250924T173326,68.0,cnt:Humidity,/home/parks/tinyIoT/source/server/data.db
20250924T173351,68.0,cnt:Humidity,/home/parks/tinyIoT/source/server/data.db
20250924T173415,68.0,cnt:Humidity,/home/parks/tinyIoT/source/server/data.db
20250924T173440,68.0,cnt:Humidity,/home/parks/tinyIoT/source/server/data.db
20250924T173505,68.0,cnt:Humidity,/home/parks/tinyIoT/source/server/data.db
20250924T173529,68.0,cnt:Humidity,/home/parks/tinyIoT/source/server/data.db
20250924T173554,68.0,cnt:Humidity,/home/parks/tinyIoT/source/server/data.db
20250924T173618,68.0,cnt:Humidity,/home/parks/tinyIoT/source/server/data.db
20250924T173643,68.0,cnt:Humidity,/home/parks/tinyIoT/source/server/data.db
20250924T173708,68.0,cnt:Humidity,/home/parks/tinyIoT/source/server/data.db
20250924T173733,68.0,cnt:Humidity,/home/parks/tinyIoT/source/server/data.db
20250924T173758,68.0,cnt:Humidity,/home/parks/tinyIoT/source/server/data.db
20250924T173823,68.0,cnt:Humidity,/home/parks/tinyIoT/source/server/data.db
20250924T173847,67.0,cnt:Humidity,/home/parks/tinyIoT/source/server/data.db
20250924T173912,68.0,cnt:Humidity,/home/parks/tinyIoT/source/server/data.db
20250924T173937,68.0,cnt:Humidity,/home/parks/tinyIoT/source/server/data.db
20250924T174002,68.0,cnt:Humidity,/home/parks/tinyIoT/source/server/data.db
20250924T174026,68.0,cnt:Humidity,/home/parks/tinyIoT/source/server/data.db
20250924T174051,68.0,cnt:Humidity,/home/parks/tinyIoT/source/server/data.db
20250924T174116,68.0,cnt:Humidity,/home/parks/tinyIoT/source/server/data.db
20250924T174140,68.0,cnt:Humidity,/home/parks/tinyIoT/source/server/data.db
20250924T174205,68.0,cnt:Humidity,/home/parks/tinyIoT/source/server/data.db
20250924T174230,69.0,cnt:Humidity,/home/parks/tinyIoT/source/server/data.db
20250924T174254,69.0,cnt:Humidity,/home/parks/tinyIoT/source/server/data.db
20250924T174319,69.0,cnt:Humidity,/home/parks/tinyIoT/source/server/data.db
20250924T174344,69.0,cnt:Humidity,/home/parks/tinyIoT/source/server/data.db
20250924T174408,69.0,cnt:Humidity,/home/parks/tinyIoT/source/server/data.db
20250924T174433,69.0,cnt:Humidity,/home/parks/tinyIoT/source/server/data.db
20250924T174458,69.0,cnt:Humidity,/home/parks/tinyIoT/source/server/data.db
20250924T174523,69.0,cnt:Humidity,/home/parks/tinyIoT/source/server/data.db
20250924T174547,69.0,cnt:Humidity,/home/parks/tinyIoT/source/server/data.db
20250924T174612,69.0,cnt:Humidity,/home/parks/tinyIoT/source/server/data.db
20250924T174636,69.0,cnt:Humidity,/home/parks/tinyIoT/source/server/data.db
20250924T174701,69.0,cnt:Humidity,/home/parks/tinyIoT/source/server/data.db
20250924T174726,69.0,cnt:Humidity,/home/parks/tinyIoT/source/server/data.db
20250924T174750,69.0,cnt:Humidity,/home/parks/tinyIoT/source/server/data.db
20250924T174815,69.0,cnt:Humidity,/home/parks/tinyIoT/source/server/data.db
20250924T174840,69.0,cnt:Humidity,/home/parks/tinyIoT/source/server/data.db
20250924T174905,68.0,cnt:Humidity,/home/parks/tinyIoT/source/server/data.db
20250924T174929,68.0,cnt:Humidity,/home/parks/tinyIoT/source/server/data.db
20250924T174954,68.0,cnt:Humidity,/home/parks/tinyIoT/source/server/data.db
20250924T175019,67.0,cnt:Humidity,/home/parks/tinyIoT/source/server/data.db
20250924T175043,67.0,cnt:Humidity,/home/parks/tinyIoT/source/server/data.db
20250924T175108,66.0,cnt:Humidity,/home/parks/tinyIoT/source/server/data.db
20250924T175132,66.0,cnt:Humidity,/home/parks/tinyIoT/source/server/data.db
20250924T175157,66.0,cnt:Humidity,/home/parks/tinyIoT/source/server/data.db
20250924T175222,66.0,cnt:Humidity,/home/parks/tinyIoT/source/server/data.db
20250924T175246,65.0,cnt:Humidity,/home/parks/tinyIoT/source/server/data.db
20250924T175311,65.0,cnt:Humidity,/home/parks/tinyIoT/source/server/data.db
20250924T175335,65.0,cnt:Humidity,/home/parks/tinyIoT/source/server/data.db
20250924T175400,65.0,cnt:Humidity,/home/parks/tinyIoT/source/server/data.db
20250924T175425,65.0,cnt:Humidity,/home/parks/tinyIoT/source/server/data.db
20250924T175450,66.0,cnt:Humidity,/home/parks/tinyIoT/source/server/data.db
20250924T175514,66.0,cnt:Humidity,/home/parks/tinyIoT/source/server/data.db
20250924T175539,66.0,cnt:Humidity,/home/parks/tinyIoT/source/server/data.db
20250924T175604,66.0,cnt:Humidity,/home/parks/tinyIoT/source/server/data.db
20250924T175629,66.0,cnt:Humidity,/home/parks/tinyIoT/source/server/data.db
20250924T175653,66.0,cnt:Humidity,/home/parks/tinyIoT/source/server/data.db
20250924T175718,66.0,cnt:Humidity,/home/parks/tinyIoT/source/server/data.db
20250924T175743,67.0,cnt:Humidity,/home/parks/tinyIoT/source/server/data.db
20250924T175808,67.0,cnt:Humidity,/home/parks/tinyIoT/source/server/data.db
20250924T175832,67.0,cnt:Humidity,/home/parks/tinyIoT/source/server/data.db
20250924T175857,67.0,cnt:Humidity,/home/parks/tinyIoT/source/server/data.db
20250924T175923,67.0,cnt:Humidity,/home/parks/tinyIoT/source/server/data.db
20250924T175947,68.0,cnt:Humidity,/home/parks/tinyIoT/source/server/data.db
20250924T180012,68.0,cnt:Humidity,/home/parks/tinyIoT/source/server/data.db
20250924T180036,68.0,cnt:Humidity,/home/parks/tinyIoT/source/server/data.db
20250924T180101,68.0,cnt:Humidity,/home/parks/tinyIoT/source/server/data.db
20250924T180126,68.0,cnt:Humidity,/home/parks/tinyIoT/source/server/data.db
20250924T180150,68.0,cnt:Humidity,/home/parks/tinyIoT/source/server/data.db
20250924T180215,68.0,cnt:Humidity,/home/parks/tinyIoT/source/server/data.db
20250924T180240,68.0,cnt:Humidity,/home/parks/tinyIoT/source/server/data.db
20250924T180305,68.0,cnt:Humidity,/home/parks/tinyIoT/source/server/data.db
20250924T180330,69.0,cnt:Humidity,/home/parks/tinyIoT/source/server/data.db
20250924T180355,68.0,cnt:Humidity,/home/parks/tinyIoT/source/server/data.db
20250924T180419,68.0,cnt:Humidity,/home/parks/tinyIoT/source/server/data.db
20250924T180444,68.0,cnt:Humidity,/home/parks/tinyIoT/source/server/data.db
20250924T180509,68.0,cnt:Humidity,/home/parks/tinyIoT/source/server/data.db
20250924T180534,68.0,cnt:Humidity,/home/parks/tinyIoT/source/server/data.db
20250924T180558,68.0,cnt:Humidity,/home/parks/tinyIoT/source/server/data.db
20250924T180623,68.0,cnt:Humidity,/home/parks/tinyIoT/source/server/data.db
20250924T180648,68.0,cnt:Humidity,/home/parks/tinyIoT/source/server/data.db
20250924T180713,68.0,cnt:Humidity,/home/parks/tinyIoT/source/server/data.db
20250924T180738,69.0,cnt:Humidity,/home/parks/tinyIoT/source/server/data.db
20250924T180802,68.0,cnt:Humidity,/home/parks/tinyIoT/source/server/data.db
20250924T180827,68.0,cnt:Humidity,/home/parks/tinyIoT/source/server/data.db
20250924T180851,68.0,cnt:Humidity,/home/parks/tinyIoT/source/server/data.db
20250924T180916,68.0,cnt:Humidity,/home/parks/tinyIoT/source/server/data.db
20250924T180940,68.0,cnt:Humidity,/home/parks/tinyIoT/source/server/data.db
20250924T181005,69.0,cnt:Humidity,/home/parks/tinyIoT/source/server/data.db
20250924T181030,68.0,cnt:Humidity,/home/parks/tinyIoT/source/server/data.db
20250924T181055,68.0,cnt:Humidity,/home/parks/tinyIoT/source/server/data.db
20250924T181119,68.0,cnt:Humidity,/home/parks/tinyIoT/source/server/data.db
20250924T181144,68.0,cnt:Humidity,/home/parks/tinyIoT/source/server/data.db
20250924T181208,68.0,cnt:Humidity,/home/parks/tinyIoT/source/server/data.db
20250924T181233,68.0,cnt:Humidity,/home/parks/tinyIoT/source/server/data.db
20250924T181258,67.0,cnt:Humidity,/home/parks/tinyIoT/source/server/data.db
20250924T181322,67.0,cnt:Humidity,/home/parks/tinyIoT/source/server/data.db
20250924T181347,66.0,cnt:Humidity,/home/parks/tinyIoT/source/server/data.db
20250924T181412,66.0,cnt:Humidity,/home/parks/tinyIoT/source/server/data.db
20250924T181436,66.0,cnt:Humidity,/home/parks/tinyIoT/source/server/data.db
20250924T181501,65.0,cnt:Humidity,/home/parks/tinyIoT/source/server/data.db
20250924T181526,65.0,cnt:Humidity,/home/parks/tinyIoT/source/server/data.db
20250924T181550,65.0,cnt:Humidity,/home/parks/tinyIoT/source/server/data.db
20250924T181615,64.0,cnt:Humidity,/home/parks/tinyIoT/source/server/data.db
20250924T181640,65.0,cnt:Humidity,/home/parks/tinyIoT/source/server/data.db
20250924T181705,64.0,cnt:Humidity,/home/parks/tinyIoT/source/server/data.db
20250924T181729,64.0,cnt:Humidity,/home/parks/tinyIoT/source/server/data.db
20250924T181754,64.0,cnt:Humidity,/home/parks/tinyIoT/source/server/data.db
20250924T181819,64.0,cnt:Humidity,/home/parks/tinyIoT/source/server/data.db
20250924T181844,63.0,cnt:Humidity,/home/parks/tinyIoT/source/server/data.db
20250924T181908,63.0,cnt:Humidity,/home/parks/tinyIoT/source/server/data.db
20250924T181933,63.0,cnt:Humidity,/home/parks/tinyIoT/source/server/data.db
20250924T181958,63.0,cnt:Humidity,/home/parks/tinyIoT/source/server/data.db
20250924T182023,62.0,cnt:Humidity,/home/parks/tinyIoT/source/server/data.db
20250924T182047,62.0,cnt:Humidity,/home/parks/tinyIoT/source/server/data.db
20250924T182112,62.0,cnt:Humidity,/home/parks/tinyIoT/source/server/data.db
20250924T182137,61.0,cnt:Humidity,/home/parks/tinyIoT/source/server/data.db
20250924T182202,61.0,cnt:Humidity,/home/parks/tinyIoT/source/server/data.db
20250924T182226,61.0,cnt:Humidity,/home/parks/tinyIoT/source/server/data.db
20250924T182251,61.0,cnt:Humidity,/home/parks/tinyIoT/source/server/data.db
20250924T182315,60.0,cnt:Humidity,/home/parks/tinyIoT/source/server/data.db
20250924T182340,60.0,cnt:Humidity,/home/parks/tinyIoT/source/server/data.db
20250924T182405,60.0,cnt:Humidity,/home/parks/tinyIoT/source/server/data.db
20250924T182429,60.0,cnt:Humidity,/home/parks/tinyIoT/source/server/data.db
20250924T182454,60.0,cnt:Humidity,/home/parks/tinyIoT/source/server/data.db
20250924T182518,60.0,cnt:Humidity,/home/parks/tinyIoT/source/server/data.db
20250924T182543,60.0,cnt:Humidity,/home/parks/tinyIoT/source/server/data.db
20250924T182608,60.0,cnt:Humidity,/home/parks/tinyIoT/source/server/data.db
20250924T182633,60.0,cnt:Humidity,/home/parks/tinyIoT/source/server/data.db
20250924T182658,60.0,cnt:Humidity,/home/parks/tinyIoT/source/server/data.db
20250924T182722,60.0,cnt:Humidity,/home/parks/tinyIoT/source/server/data.db
20250924T182744,60.0,cnt:Humidity,/home/parks/tinyIoT/source/server/data.db
20250924T182809,60.0,cnt:Humidity,/home/parks/tinyIoT/source/server/data.db
20250924T182834,60.0,cnt:Humidity,/home/parks/tinyIoT/source/server/data.db
20250924T182859,60.0,cnt:Humidity,/home/parks/tinyIoT/source/server/data.db
20250924T182924,60.0,cnt:Humidity,/home/parks/tinyIoT/source/server/data.db
20250924T182948,60.0,cnt:Humidity,/home/parks/tinyIoT/source/server/data.db
20250924T183013,60.0,cnt:Humidity,/home/parks/tinyIoT/source/server/data.db
20250924T183038,60.0,cnt:Humidity,/home/parks/tinyIoT/source/server/data.db
20250924T183103,60.0,cnt:Humidity,/home/parks/tinyIoT/source/server/data.db
20250924T183127,60.0,cnt:Humidity,/home/parks/tinyIoT/source/server/data.db
20250924T183152,60.0,cnt:Humidity,/home/parks/tinyIoT/source/server/data.db
20250924T183216,60.0,cnt:Humidity,/home/parks/tinyIoT/source/server/data.db
20250924T183241,60.0,cnt:Humidity,/home/parks/tinyIoT/source/server/data.db
20250924T183305,60.0,cnt:Humidity,/home/parks/tinyIoT/source/server/data.db
20250924T183330,60.0,cnt:Humidity,/home/parks/tinyIoT/source/server/data.db
20250924T183355,60.0,cnt:Humidity,/home/parks/tinyIoT/source/server/data.db
20250924T183419,60.0,cnt:Humidity,/home/parks/tinyIoT/source/server/data.db
20250924T183444,60.0,cnt:Humidity,/home/parks/tinyIoT/source/server/data.db
20250924T183509,60.0,cnt:Humidity,/home/parks/tinyIoT/source/server/data.db
20250924T183533,60.0,cnt:Humidity,/home/parks/tinyIoT/source/server/data.db
20250924T183558,60.0,cnt:Humidity,/home/parks/tinyIoT/source/server/data.db
20250924T183623,60.0,cnt:Humidity,/home/parks/tinyIoT/source/server/data.db
20250924T183647,60.0,cnt:Humidity,/home/parks/tinyIoT/source/server/data.db
20250924T183712,60.0,cnt:Humidity,/home/parks/tinyIoT/source/server/data.db
20250924T183737,60.0,cnt:Humidity,/home/parks/tinyIoT/source/server/data.db
20250924T183802,60.0,cnt:Humidity,/home/parks/tinyIoT/source/server/data.db
20250924T183826,60.0,cnt:Humidity,/home/parks/tinyIoT/source/server/data.db
20250924T183851,60.0,cnt:Humidity,/home/parks/tinyIoT/source/server/data.db
20250924T183916,61.0,cnt:Humidity,/home/parks/tinyIoT/source/server/data.db
20250924T183940,60.0,cnt:Humidity,/home/parks/tinyIoT/source/server/data.db
20250924T184005,61.0,cnt:Humidity,/home/parks/tinyIoT/source/server/data.db
20250924T184029,61.0,cnt:Humidity,/home/parks/tinyIoT/source/server/data.db
20250924T184054,60.0,cnt:Humidity,/home/parks/tinyIoT/source/server/data.db
20250924T184119,61.0,cnt:Humidity,/home/parks/tinyIoT/source/server/data.db
20250924T184143,61.0,cnt:Humidity,/home/parks/tinyIoT/source/server/data.db
20250924T184208,61.0,cnt:Humidity,/home/parks/tinyIoT/source/server/data.db
20250924T184232,61.0,cnt:Humidity,/home/parks/tinyIoT/source/server/data.db
20250924T184257,62.0,cnt:Humidity,/home/parks/tinyIoT/source/server/data.db
20250924T184322,62.0,cnt:Humidity,/home/parks/tinyIoT/source/server/data.db
20250924T184347,62.0,cnt:Humidity,/home/parks/tinyIoT/source/server/data.db
20250924T184411,62.0,cnt:Humidity,/home/parks/tinyIoT/source/server/data.db
20250924T184436,62.0,cnt:Humidity,/home/parks/tinyIoT/source/server/data.db
20250924T184501,62.0,cnt:Humidity,/home/parks/tinyIoT/source/server/data.db
20250924T184526,62.0,cnt:Humidity,/home/parks/tinyIoT/source/server/data.db
20250924T184550,62.0,cnt:Humidity,/home/parks/tinyIoT/source/server/data.db
20250924T184615,62.0,cnt:Humidity,/home/parks/tinyIoT/source/server/data.db
20250924T184639,62.0,cnt:Humidity,/home/parks/tinyIoT/source/server/data.db
20250924T184704,62.0,cnt:Humidity,/home/parks/tinyIoT/source/server/data.db
20250924T184729,62.0,cnt:Humidity,/home/parks/tinyIoT/source/server/data.db
20250924T184754,62.0,cnt:Humidity,/home/parks/tinyIoT/source/server/data.db
20250924T184819,62.0,cnt:Humidity,/home/parks/tinyIoT/source/server/data.db
20250924T184843,62.0,cnt:Humidity,/home/parks/tinyIoT/source/server/data.db
20250924T184908,62.0,cnt:Humidity,/home/parks/tinyIoT/source/server/data.db
20250924T184932,62.0,cnt:Humidity,/home/parks/tinyIoT/source/server/data.db
20250924T184957,62.0,cnt:Humidity,/home/parks/tinyIoT/source/server/data.db
20250924T185022,62.0,cnt:Humidity,/home/parks/tinyIoT/source/server/data.db
20250924T185046,62.0,cnt:Humidity,/home/parks/tinyIoT/source/server/data.db
20250924T185111,62.0,cnt:Humidity,/home/parks/tinyIoT/source/server/data.db
20250924T185136,62.0,cnt:Humidity,/home/parks/tinyIoT/source/server/data.db
20250924T185200,63.0,cnt:Humidity,/home/parks/tinyIoT/source/server/data.db
20250924T185225,63.0,cnt:Humidity,/home/parks/tinyIoT/source/server/data.db
20250924T185250,63.0,cnt:Humidity,/home/parks/tinyIoT/source/server/data.db
20250924T185314,63.0,cnt:Humidity,/home/parks/tinyIoT/source/server/data.db
20250924T185339,64.0,cnt:Humidity,/home/parks/tinyIoT/source/server/data.db
20250924T185404,64.0,cnt:Humidity,/home/parks/tinyIoT/source/server/data.db
20250924T185429,64.0,cnt:Humidity,/home/parks/tinyIoT/source/server/data.db
20250924T185454,64.0,cnt:Humidity,/home/parks/tinyIoT/source/server/data.db
20250924T185518,64.0,cnt:Humidity,/home/parks/tinyIoT/source/server/data.db
20250924T185543,64.0,cnt:Humidity,/home/parks/tinyIoT/source/server/data.db
20250924T185608,65.0,cnt:Humidity,/home/parks/tinyIoT/source/server/data.db
20250924T185632,64.0,cnt:Humidity,/home/parks/tinyIoT/source/server/data.db
20250924T185657,64.0,cnt:Humidity,/home/parks/tinyIoT/source/server/data.db
20250924T185722,64.0,cnt:Humidity,/home/parks/tinyIoT/source/server/data.db
20250924T185746,64.0,cnt:Humidity,/home/parks/tinyIoT/source/server/data.db
20250924T185811,64.0,cnt:Humidity,/home/parks/tinyIoT/source/server/data.db
20250924T185836,64.0,cnt:Humidity,/home/parks/tinyIoT/source/server/data.db
20250924T185900,64.0,cnt:Humidity,/home/parks/tinyIoT/source/server/data.db
20250924T185925,64.0,cnt:Humidity,/home/parks/tinyIoT/source/server/data.db
20250924T185950,64.0,cnt:Humidity,/home/parks/tinyIoT/source/server/data.db
20250924T190014,64.0,cnt:Humidity,/home/parks/tinyIoT/source/server/data.db
20250924T190039,64.0,cnt:Humidity,/home/parks/tinyIoT/source/server/data.db
20250924T190104,64.0,cnt:Humidity,/home/parks/tinyIoT/source/server/data.db
20250924T190129,64.0,cnt:Humidity,/home/parks/tinyIoT/source/server/data.db
20250924T190153,63.0,cnt:Humidity,/home/parks/tinyIoT/source/server/data.db
20250924T190218,63.0,cnt:Humidity,/home/parks/tinyIoT/source/server/data.db
20250924T190242,64.0,cnt:Humidity,/home/parks/tinyIoT/source/server/data.db
20250924T190307,63.0,cnt:Humidity,/home/parks/tinyIoT/source/server/data.db
20250924T190332,63.0,cnt:Humidity,/home/parks/tinyIoT/source/server/data.db
20250924T190356,63.0,cnt:Humidity,/home/parks/tinyIoT/source/server/data.db
20250924T190421,63.0,cnt:Humidity,/home/parks/tinyIoT/source/server/data.db
20250924T190445,63.0,cnt:Humidity,/home/parks/tinyIoT/source/server/data.db
20250924T190510,62.0,cnt:Humidity,/home/parks/tinyIoT/source/server/data.db
20250924T190534,62.0,cnt:Humidity,/home/parks/tinyIoT/source/server/data.db
20250924T190559,62.0,cnt:Humidity,/home/parks/tinyIoT/source/server/data.db
20250924T190624,62.0,cnt:Humidity,/home/parks/tinyIoT/source/server/data.db
20250924T190649,62.0,cnt:Humidity,/home/parks/tinyIoT/source/server/data.db
20250924T190713,62.0,cnt:Humidity,/home/parks/tinyIoT/source/server/data.db
20250924T190738,62.0,cnt:Humidity,/home/parks/tinyIoT/source/server/data.db
20250924T190802,62.0,cnt:Humidity,/home/parks/tinyIoT/source/server/data.db
20250924T190827,62.0,cnt:Humidity,/home/parks/tinyIoT/source/server/data.db
20250924T190851,63.0,cnt:Humidity,/home/parks/tinyIoT/source/server/data.db
20250924T190916,63.0,cnt:Humidity,/home/parks/tinyIoT/source/server/data.db
20250924T190941,63.0,cnt:Humidity,/home/parks/tinyIoT/source/server/data.db
20250924T191005,63.0,cnt:Humidity,/home/parks/tinyIoT/source/server/data.db
20250924T191030,63.0,cnt:Humidity,/home/parks/tinyIoT/source/server/data.db
20250924T191055,63.0,cnt:Humidity,/home/parks/tinyIoT/source/server/data.db
20250924T191119,63.0,cnt:Humidity,/home/parks/tinyIoT/source/server/data.db
20250924T191144,63.0,cnt:Humidity,/home/parks/tinyIoT/source/server/data.db
20250924T191209,64.0,cnt:Humidity,/home/parks/tinyIoT/source/server/data.db
20250924T191233,63.0,cnt:Humidity,/home/parks/tinyIoT/source/server/data.db
20250924T191258,63.0,cnt:Humidity,/home/parks/tinyIoT/source/server/data.db
20250924T191323,63.0,cnt:Humidity,/home/parks/tinyIoT/source/server/data.db
20250924T191347,63.0,cnt:Humidity,/home/parks/tinyIoT/source/server/data.db
20250924T191412,63.0,cnt:Humidity,/home/parks/tinyIoT/source/server/data.db
20250924T191436,63.0,cnt:Humidity,/home/parks/tinyIoT/source/server/data.db
20250924T191501,63.0,cnt:Humidity,/home/parks/tinyIoT/source/server/data.db
20250924T191526,63.0,cnt:Humidity,/home/parks/tinyIoT/source/server/data.db
20250924T191550,63.0,cnt:Humidity,/home/parks/tinyIoT/source/server/data.db
20250924T191615,64.0,cnt:Humidity,/home/parks/tinyIoT/source/server/data.db
20250924T191640,64.0,cnt:Humidity,/home/parks/tinyIoT/source/server/data.db
20250924T191704,64.0,cnt:Humidity,/home/parks/tinyIoT/source/server/data.db
20250924T191729,64.0,cnt:Humidity,/home/parks/tinyIoT/source/server/data.db
20250924T191754,64.0,cnt:Humidity,/home/parks/tinyIoT/source/server/data.db
20250924T191818,65.0,cnt:Humidity,/home/parks/tinyIoT/source/server/data.db
20250924T191843,64.0,cnt:Humidity,/home/parks/tinyIoT/source/server/data.db
20250924T191907,64.0,cnt:Humidity,/home/parks/tinyIoT/source/server/data.db
20250924T191932,64.0,cnt:Humidity,/home/parks/tinyIoT/source/server/data.db
20250924T191957,64.0,cnt:Humidity,/home/parks/tinyIoT/source/server/data.db
20250924T192022,64.0,cnt:Humidity,/home/parks/tinyIoT/source/server/data.db
20250924T192046,63.0,cnt:Humidity,/home/parks/tinyIoT/source/server/data.db
20250924T192111,64.0,cnt:Humidity,/home/parks/tinyIoT/source/server/data.db
20250924T192136,64.0,cnt:Humidity,/home/parks/tinyIoT/source/server/data.db
20250924T192201,64.0,cnt:Humidity,/home/parks/tinyIoT/source/server/data.db
20250924T192225,63.0,cnt:Humidity,/home/parks/tinyIoT/source/server/data.db
20250924T192250,63.0,cnt:Humidity,/home/parks/tinyIoT/source/server/data.db
20250924T192315,63.0,cnt:Humidity,/home/parks/tinyIoT/source/server/data.db
20250924T192340,63.0,cnt:Humidity,/home/parks/tinyIoT/source/server/data.db
20250924T192404,64.0,cnt:Humidity,/home/parks/tinyIoT/source/server/data.db
20250924T192429,63.0,cnt:Humidity,/home/parks/tinyIoT/source/server/data.db
20250924T192454,63.0,cnt:Humidity,/home/parks/tinyIoT/source/server/data.db
20250924T192518,63.0,cnt:Humidity,/home/parks/tinyIoT/source/server/data.db
20250924T192543,64.0,cnt:Humidity,/home/parks/tinyIoT/source/server/data.db
20250924T192608,64.0,cnt:Humidity,/home/parks/tinyIoT/source/server/data.db
20250924T192633,65.0,cnt:Humidity,/home/parks/tinyIoT/source/server/data.db
20250924T192657,65.0,cnt:Humidity,/home/parks/tinyIoT/source/server/data.db
20250924T192722,65.0,cnt:Humidity,/home/parks/tinyIoT/source/server/data.db
20250924T192747,65.0,cnt:Humidity,/home/parks/tinyIoT/source/server/data.db
20250924T192812,65.0,cnt:Humidity,/home/parks/tinyIoT/source/server/data.db
20250924T192837,65.0,cnt:Humidity,/home/parks/tinyIoT/source/server/data.db
20250924T192901,65.0,cnt:Humidity,/home/parks/tinyIoT/source/server/data.db
20250924T192926,65.0,cnt:Humidity,/home/parks/tinyIoT/source/server/data.db
20250924T192951,66.0,cnt:Humidity,/home/parks/tinyIoT/source/server/data.db
20250924T193015,66.0,cnt:Humidity,/home/parks/tinyIoT/source/server/data.db
20250924T193040,66.0,cnt:Humidity,/home/parks/tinyIoT/source/server/data.db
20250924T193105,66.0,cnt:Humidity,/home/parks/tinyIoT/source/server/data.db
20250924T193130,66.0,cnt:Humidity,/home/parks/tinyIoT/source/server/data.db
20250924T193154,66.0,cnt:Humidity,/home/parks/tinyIoT/source/server/data.db
20250924T193218,67.0,cnt:Humidity,/home/parks/tinyIoT/source/server/data.db
20250924T193243,67.0,cnt:Humidity,/home/parks/tinyIoT/source/server/data.db
20250924T193308,67.0,cnt:Humidity,/home/parks/tinyIoT/source/server/data.db
20250924T193333,67.0,cnt:Humidity,/home/parks/tinyIoT/source/server/data.db
20250924T193357,67.0,cnt:Humidity,/home/parks/tinyIoT/source/server/data.db
20250924T193422,67.0,cnt:Humidity,/home/parks/tinyIoT/source/server/data.db
20250924T193447,67.0,cnt:Humidity,/home/parks/tinyIoT/source/server/data.db
20250924T193512,67.0,cnt:Humidity,/home/parks/tinyIoT/source/server/data.db
20250924T193537,67.0,cnt:Humidity,/home/parks/tinyIoT/source/server/data.db
20250924T193601,67.0,cnt:Humidity,/home/parks/tinyIoT/source/server/data.db
20250924T193626,68.0,cnt:Humidity,/home/parks/tinyIoT/source/server/data.db
20250924T193650,68.0,cnt:Humidity,/home/parks/tinyIoT/source/server/data.db
20250924T193715,68.0,cnt:Humidity,/home/parks/tinyIoT/source/server/data.db
20250924T193740,68.0,cnt:Humidity,/home/parks/tinyIoT/source/server/data.db
20250924T193804,68.0,cnt:Humidity,/home/parks/tinyIoT/source/server/data.db
20250924T193829,68.0,cnt:Humidity,/home/parks/tinyIoT/source/server/data.db
20250924T193853,68.0,cnt:Humidity,/home/parks/tinyIoT/source/server/data.db
20250924T193918,68.0,cnt:Humidity,/home/parks/tinyIoT/source/server/data.db
20250924T193943,68.0,cnt:Humidity,/home/parks/tinyIoT/source/server/data.db
20250924T194008,68.0,cnt:Humidity,/home/parks/tinyIoT/source/server/data.db
20250924T194032,68.0,cnt:Humidity,/home/parks/tinyIoT/source/server/data.db
20250924T194057,68.0,cnt:Humidity,/home/parks/tinyIoT/source/server/data.db
20250924T194121,68.0,cnt:Humidity,/home/parks/tinyIoT/source/server/data.db
20250924T194146,69.0,cnt:Humidity,/home/parks/tinyIoT/source/server/data.db
20250924T194210,68.0,cnt:Humidity,/home/parks/tinyIoT/source/server/data.db
20250924T194235,69.0,cnt:Humidity,/home/parks/tinyIoT/source/server/data.db
20250924T194300,69.0,cnt:Humidity,/home/parks/tinyIoT/source/server/data.db
20250924T194325,69.0,cnt:Humidity,/home/parks/tinyIoT/source/server/data.db
20250924T194350,69.0,cnt:Humidity,/home/parks/tinyIoT/source/server/data.db
20250924T194414,69.0,cnt:Humidity,/home/parks/tinyIoT/source/server/data.db
20250924T194439,69.0,cnt:Humidity,/home/parks/tinyIoT/source/server/data.db
20250924T194504,69.0,cnt:Humidity,/home/parks/tinyIoT/source/server/data.db
20250924T194529,69.0,cnt:Humidity,/home/parks/tinyIoT/source/server/data.db
20250924T194553,69.0,cnt:Humidity,/home/parks/tinyIoT/source/server/data.db
20250924T194618,69.0,cnt:Humidity,/home/parks/tinyIoT/source/server/data.db
20250924T194643,69.0,cnt:Humidity,/home/parks/tinyIoT/source/server/data.db
20250924T194708,69.0,cnt:Humidity,/home/parks/tinyIoT/source/server/data.db
20250924T194732,69.0,cnt:Humidity,/home/parks/tinyIoT/source/server/data.db
20250924T194757,69.0,cnt:Humidity,/home/parks/tinyIoT/source/server/data.db
20250924T194822,69.0,cnt:Humidity,/home/parks/tinyIoT/source/server/data.db
20250924T194847,69.0,cnt:Humidity,/home/parks/tinyIoT/source/server/data.db
20250924T194911,69.0,cnt:Humidity,/home/parks/tinyIoT/source/server/data.db
20250924T194936,69.0,cnt:Humidity,/home/parks/tinyIoT/source/server/data.db
20250924T195001,69.0,cnt:Humidity,/home/parks/tinyIoT/source/server/data.db
20250924T195026,69.0,cnt:Humidity,/home/parks/tinyIoT/source/server/data.db
20250924T195050,69.0,cnt:Humidity,/home/parks/tinyIoT/source/server/data.db
20250924T195115,69.0,cnt:Humidity,/home/parks/tinyIoT/source/server/data.db
20250924T195140,69.0,cnt:Humidity,/home/parks/tinyIoT/source/server/data.db
20250924T195205,69.0,cnt:Humidity,/home/parks/tinyIoT/source/server/data.db
20250924T195229,69.0,cnt:Humidity,/home/parks/tinyIoT/source/server/data.db
20250924T195254,69.0,cnt:Humidity,/home/parks/tinyIoT/source/server/data.db
20250924T195319,69.0,cnt:Humidity,/home/parks/tinyIoT/source/server/data.db
20250924T195344,70.0,cnt:Humidity,/home/parks/tinyIoT/source/server/data.db
20250924T195408,69.0,cnt:Humidity,/home/parks/tinyIoT/source/server/data.db
20250924T195433,69.0,cnt:Humidity,/home/parks/tinyIoT/source/server/data.db
20250924T195458,69.0,cnt:Humidity,/home/parks/tinyIoT/source/server/data.db
20250924T195523,69.0,cnt:Humidity,/home/parks/tinyIoT/source/server/data.db
20250924T195547,70.0,cnt:Humidity,/home/parks/tinyIoT/source/server/data.db
20250924T195612,69.0,cnt:Humidity,/home/parks/tinyIoT/source/server/data.db
20250924T195637,69.0,cnt:Humidity,/home/parks/tinyIoT/source/server/data.db
20250924T195702,69.0,cnt:Humidity,/home/parks/tinyIoT/source/server/data.db
20250924T195726,69.0,cnt:Humidity,/home/parks/tinyIoT/source/server/data.db
20250924T195751,69.0,cnt:Humidity,/home/parks/tinyIoT/source/server/data.db
20250924T195815,69.0,cnt:Humidity,/home/parks/tinyIoT/source/server/data.db
20250924T195840,69.0,cnt:Humidity,/home/parks/tinyIoT/source/server/data.db
20250924T195905,68.0,cnt:Humidity,/home/parks/tinyIoT/source/server/data.db
20250924T195929,68.0,cnt:Humidity,/home/parks/tinyIoT/source/server/data.db
20250924T195954,68.0,cnt:Humidity,/home/parks/tinyIoT/source/server/data.db
20250924T200019,68.0,cnt:Humidity,/home/parks/tinyIoT/source/server/data.db
20250924T200044,68.0,cnt:Humidity,/home/parks/tinyIoT/source/server/data.db
20250924T200108,68.0,cnt:Humidity,/home/parks/tinyIoT/source/server/data.db
20250924T200133,68.0,cnt:Humidity,/home/parks/tinyIoT/source/server/data.db
20250924T200158,68.0,cnt:Humidity,/home/parks/tinyIoT/source/server/data.db
20250924T200222,68.0,cnt:Humidity,/home/parks/tinyIoT/source/server/data.db
20250924T200247,68.0,cnt:Humidity,/home/parks/tinyIoT/source/server/data.db
20250924T200312,68.0,cnt:Humidity,/home/parks/tinyIoT/source/server/data.db
20250924T200336,68.0,cnt:Humidity,/home/parks/tinyIoT/source/server/data.db
20250924T200401,68.0,cnt:Humidity,/home/parks/tinyIoT/source/server/data.db
20250924T200426,68.0,cnt:Humidity,/home/parks/tinyIoT/source/server/data.db
20250924T200450,68.0,cnt:Humidity,/home/parks/tinyIoT/source/server/data.db
20250924T200515,68.0,cnt:Humidity,/home/parks/tinyIoT/source/server/data.db
20250924T200540,68.0,cnt:Humidity,/home/parks/tinyIoT/source/server/data.db
20250924T200604,68.0,cnt:Humidity,/home/parks/tinyIoT/source/server/data.db
20250924T200629,68.0,cnt:Humidity,/home/parks/tinyIoT/source/server/data.db
20250924T200654,68.0,cnt:Humidity,/home/parks/tinyIoT/source/server/data.db
20250924T200718,68.0,cnt:Humidity,/home/parks/tinyIoT/source/server/data.db
20250924T200743,68.0,cnt:Humidity,/home/parks/tinyIoT/source/server/data.db
20250924T200807,68.0,cnt:Humidity,/home/parks/tinyIoT/source/server/data.db
20250924T200832,68.0,cnt:Humidity,/home/parks/tinyIoT/source/server/data.db
20250924T200857,68.0,cnt:Humidity,/home/parks/tinyIoT/source/server/data.db
20250924T200921,68.0,cnt:Humidity,/home/parks/tinyIoT/source/server/data.db
20250924T200946,68.0,cnt:Humidity,/home/parks/tinyIoT/source/server/data.db
20250924T201011,67.0,cnt:Humidity,/home/parks/tinyIoT/source/server/data.db
20250924T201035,67.0,cnt:Humidity,/home/parks/tinyIoT/source/server/data.db
20250924T201100,68.0,cnt:Humidity,/home/parks/tinyIoT/source/server/data.db
20250924T201125,68.0,cnt:Humidity,/home/parks/tinyIoT/source/server/data.db
20250924T201149,67.0,cnt:Humidity,/home/parks/tinyIoT/source/server/data.db
20250924T201214,68.0,cnt:Humidity,/home/parks/tinyIoT/source/server/data.db
20250924T201239,68.0,cnt:Humidity,/home/parks/tinyIoT/source/server/data.db
20250924T201303,68.0,cnt:Humidity,/home/parks/tinyIoT/source/server/data.db
20250924T201328,68.0,cnt:Humidity,/home/parks/tinyIoT/source/server/data.db
20250924T201352,68.0,cnt:Humidity,/home/parks/tinyIoT/source/server/data.db
20250924T201417,68.0,cnt:Humidity,/home/parks/tinyIoT/source/server/data.db
20250924T201442,68.0,cnt:Humidity,/home/parks/tinyIoT/source/server/data.db
20250924T201506,68.0,cnt:Humidity,/home/parks/tinyIoT/source/server/data.db
20250924T201531,68.0,cnt:Humidity,/home/parks/tinyIoT/source/server/data.db
20250924T201555,68.0,cnt:Humidity,/home/parks/tinyIoT/source/server/data.db
20250924T201620,68.0,cnt:Humidity,/home/parks/tinyIoT/source/server/data.db
20250924T201645,68.0,cnt:Humidity,/home/parks/tinyIoT/source/server/data.db
20250924T201710,68.0,cnt:Humidity,/home/parks/tinyIoT/source/server/data.db
20250924T201734,68.0,cnt:Humidity,/home/parks/tinyIoT/source/server/data.db
20250924T201759,68.0,cnt:Humidity,/home/parks/tinyIoT/source/server/data.db
20250924T201824,68.0,cnt:Humidity,/home/parks/tinyIoT/source/server/data.db
20250924T201849,68.0,cnt:Humidity,/home/parks/tinyIoT/source/server/data.db
20250924T201913,68.0,cnt:Humidity,/home/parks/tinyIoT/source/server/data.db
20250924T201938,68.0,cnt:Humidity,/home/parks/tinyIoT/source/server/data.db
20250924T202003,68.0,cnt:Humidity,/home/parks/tinyIoT/source/server/data.db
20250924T202027,68.0,cnt:Humidity,/home/parks/tinyIoT/source/server/data.db
20250924T202053,68.0,cnt:Humidity,/home/parks/tinyIoT/source/server/data.db
20250924T202118,68.0,cnt:Humidity,/home/parks/tinyIoT/source/server/data.db
20250924T202143,68.0,cnt:Humidity,/home/parks/tinyIoT/source/server/data.db
20250924T202208,68.0,cnt:Humidity,/home/parks/tinyIoT/source/server/data.db
20250924T202233,68.0,cnt:Humidity,/home/parks/tinyIoT/source/server/data.db
20250924T202257,68.0,cnt:Humidity,/home/parks/tinyIoT/source/server/data.db
20250924T202322,68.0,cnt:Humidity,/home/parks/tinyIoT/source/server/data.db
20250924T202347,68.0,cnt:Humidity,/home/parks/tinyIoT/source/server/data.db
20250924T202412,68.0,cnt:Humidity,/home/parks/tinyIoT/source/server/data.db
20250924T202436,68.0,cnt:Humidity,/home/parks/tinyIoT/source/server/data.db
20250924T202501,68.0,cnt:Humidity,/home/parks/tinyIoT/source/server/data.db
20250924T202526,68.0,cnt:Humidity,/home/parks/tinyIoT/source/server/data.db
20250924T202551,68.0,cnt:Humidity,/home/parks/tinyIoT/source/server/data.db
20250924T202616,68.0,cnt:Humidity,/home/parks/tinyIoT/source/server/data.db
20250924T202640,68.0,cnt:Humidity,/home/parks/tinyIoT/source/server/data.db
20250924T202705,68.0,cnt:Humidity,/home/parks/tinyIoT/source/server/data.db
20250924T202729,68.0,cnt:Humidity,/home/parks/tinyIoT/source/server/data.db
20250924T202754,68.0,cnt:Humidity,/home/parks/tinyIoT/source/server/data.db
20250924T202819,68.0,cnt:Humidity,/home/parks/tinyIoT/source/server/data.db
20250924T202844,68.0,cnt:Humidity,/home/parks/tinyIoT/source/server/data.db
20250924T202909,68.0,cnt:Humidity,/home/parks/tinyIoT/source/server/data.db
20250924T202933,68.0,cnt:Humidity,/home/parks/tinyIoT/source/server/data.db
20250924T202958,68.0,cnt:Humidity,/home/parks/tinyIoT/source/server/data.db
20250924T203023,68.0,cnt:Humidity,/home/parks/tinyIoT/source/server/data.db
20250924T203047,68.0,cnt:Humidity,/home/parks/tinyIoT/source/server/data.db
20250924T203112,68.0,cnt:Humidity,/home/parks/tinyIoT/source/server/data.db
20250924T203137,68.0,cnt:Humidity,/home/parks/tinyIoT/source/server/data.db
20250924T203201,68.0,cnt:Humidity,/home/parks/tinyIoT/source/server/data.db
20250924T203226,68.0,cnt:Humidity,/home/parks/tinyIoT/source/server/data.db
20250924T203250,68.0,cnt:Humidity,/home/parks/tinyIoT/source/server/data.db
20250924T203315,67.0,cnt:Humidity,/home/parks/tinyIoT/source/server/data.db
20250924T203340,67.0,cnt:Humidity,/home/parks/tinyIoT/source/server/data.db
20250924T203404,67.0,cnt:Humidity,/home/parks/tinyIoT/source/server/data.db
20250924T203429,68.0,cnt:Humidity,/home/parks/tinyIoT/source/server/data.db
20250924T203453,67.0,cnt:Humidity,/home/parks/tinyIoT/source/server/data.db
20250924T203518,67.0,cnt:Humidity,/home/parks/tinyIoT/source/server/data.db
20250924T203543,68.0,cnt:Humidity,/home/parks/tinyIoT/source/server/data.db
20250924T203608,67.0,cnt:Humidity,/home/parks/tinyIoT/source/server/data.db
20250924T203632,67.0,cnt:Humidity,/home/parks/tinyIoT/source/server/data.db
20250924T203657,68.0,cnt:Humidity,/home/parks/tinyIoT/source/server/data.db
20250924T203722,68.0,cnt:Humidity,/home/parks/tinyIoT/source/server/data.db
20250924T203746,68.0,cnt:Humidity,/home/parks/tinyIoT/source/server/data.db
20250924T203811,68.0,cnt:Humidity,/home/parks/tinyIoT/source/server/data.db
20250924T203836,68.0,cnt:Humidity,/home/parks/tinyIoT/source/server/data.db
20250924T203900,68.0,cnt:Humidity,/home/parks/tinyIoT/source/server/data.db
20250924T203925,68.0,cnt:Humidity,/home/parks/tinyIoT/source/server/data.db
20250924T203950,68.0,cnt:Humidity,/home/parks/tinyIoT/source/server/data.db
20250924T204015,68.0,cnt:Humidity,/home/parks/tinyIoT/source/server/data.db
20250924T204040,68.0,cnt:Humidity,/home/parks/tinyIoT/source/server/data.db
20250924T204104,68.0,cnt:Humidity,/home/parks/tinyIoT/source/server/data.db
20250924T204129,68.0,cnt:Humidity,/home/parks/tinyIoT/source/server/data.db
20250924T204154,68.0,cnt:Humidity,/home/parks/tinyIoT/source/server/data.db
20250924T204219,68.0,cnt:Humidity,/home/parks/tinyIoT/source/server/data.db
20250924T204243,68.0,cnt:Humidity,/home/parks/tinyIoT/source/server/data.db
20250924T204308,68.0,cnt:Humidity,/home/parks/tinyIoT/source/server/data.db
20250924T204333,68.0,cnt:Humidity,/home/parks/tinyIoT/source/server/data.db
20250924T204357,68.0,cnt:Humidity,/home/parks/tinyIoT/source/server/data.db
20250924T204422,67.0,cnt:Humidity,/home/parks/tinyIoT/source/server/data.db
20250924T204447,68.0,cnt:Humidity,/home/parks/tinyIoT/source/server/data.db
20250924T204512,68.0,cnt:Humidity,/home/parks/tinyIoT/source/server/data.db
20250924T204536,67.0,cnt:Humidity,/home/parks/tinyIoT/source/server/data.db
20250924T204601,67.0,cnt:Humidity,/home/parks/tinyIoT/source/server/data.db
20250924T204625,67.0,cnt:Humidity,/home/parks/tinyIoT/source/server/data.db
20250924T204650,68.0,cnt:Humidity,/home/parks/tinyIoT/source/server/data.db
20250924T204715,67.0,cnt:Humidity,/home/parks/tinyIoT/source/server/data.db
20250924T204740,68.0,cnt:Humidity,/home/parks/tinyIoT/source/server/data.db
20250924T204804,67.0,cnt:Humidity,/home/parks/tinyIoT/source/server/data.db
20250924T204829,68.0,cnt:Humidity,/home/parks/tinyIoT/source/server/data.db
20250924T204854,67.0,cnt:Humidity,/home/parks/tinyIoT/source/server/data.db
20250924T204919,67.0,cnt:Humidity,/home/parks/tinyIoT/source/server/data.db
20250924T204944,67.0,cnt:Humidity,/home/parks/tinyIoT/source/server/data.db
20250924T205008,67.0,cnt:Humidity,/home/parks/tinyIoT/source/server/data.db
20250924T205033,67.0,cnt:Humidity,/home/parks/tinyIoT/source/server/data.db
20250924T205058,67.0,cnt:Humidity,/home/parks/tinyIoT/source/server/data.db
20250924T205122,67.0,cnt:Humidity,/home/parks/tinyIoT/source/server/data.db
20250924T205147,67.0,cnt:Humidity,/home/parks/tinyIoT/source/server/data.db
20250924T205212,67.0,cnt:Humidity,/home/parks/tinyIoT/source/server/data.db
20250924T205236,67.0,cnt:Humidity,/home/parks/tinyIoT/source/server/data.db
20250924T205301,67.0,cnt:Humidity,/home/parks/tinyIoT/source/server/data.db
20250924T205326,67.0,cnt:Humidity,/home/parks/tinyIoT/source/server/data.db
20250924T205350,67.0,cnt:Humidity,/home/parks/tinyIoT/source/server/data.db
20250924T205415,67.0,cnt:Humidity,/home/parks/tinyIoT/source/server/data.db
20250924T205439,67.0,cnt:Humidity,/home/parks/tinyIoT/source/server/data.db
20250924T205504,67.0,cnt:Humidity,/home/parks/tinyIoT/source/server/data.db
20250924T205529,67.0,cnt:Humidity,/home/parks/tinyIoT/source/server/data.db
20250924T205553,68.0,cnt:Humidity,/home/parks/tinyIoT/source/server/data.db
20250924T205618,67.0,cnt:Humidity,/home/parks/tinyIoT/source/server/data.db
20250924T205643,67.0,cnt:Humidity,/home/parks/tinyIoT/source/server/data.db
20250924T205708,67.0,cnt:Humidity,/home/parks/tinyIoT/source/server/data.db
20250924T205733,67.0,cnt:Humidity,/home/parks/tinyIoT/source/server/data.db
20250924T205757,67.0,cnt:Humidity,/home/parks/tinyIoT/source/server/data.db
20250924T205822,67.0,cnt:Humidity,/home/parks/tinyIoT/source/server/data.db
20250924T205846,67.0,cnt:Humidity,/home/parks/tinyIoT/source/server/data.db
20250924T205911,67.0,cnt:Humidity,/home/parks/tinyIoT/source/server/data.db
20250924T205936,67.0,cnt:Humidity,/home/parks/tinyIoT/source/server/data.db
20250924T210000,67.0,cnt:Humidity,/home/parks/tinyIoT/source/server/data.db
20250924T210025,67.0,cnt:Humidity,/home/parks/tinyIoT/source/server/data.db
20250924T210050,67.0,cnt:Humidity,/home/parks/tinyIoT/source/server/data.db
20250924T210115,67.0,cnt:Humidity,/home/parks/tinyIoT/source/server/data.db
20250924T210139,67.0,cnt:Humidity,/home/parks/tinyIoT/source/server/data.db
20250924T210204,67.0,cnt:Humidity,/home/parks/tinyIoT/source/server/data.db
20250924T210229,67.0,cnt:Humidity,/home/parks/tinyIoT/source/server/data.db
20250924T210254,67.0,cnt:Humidity,/home/parks/tinyIoT/source/server/data.db
20250924T210318,67.0,cnt:Humidity,/home/parks/tinyIoT/source/server/data.db
20250924T210343,66.0,cnt:Humidity,/home/parks/tinyIoT/source/server/data.db
20250924T210408,66.0,cnt:Humidity,/home/parks/tinyIoT/source/server/data.db
20250924T210432,66.0,cnt:Humidity,/home/parks/tinyIoT/source/server/data.db
20250924T210457,66.0,cnt:Humidity,/home/parks/tinyIoT/source/server/data.db
20250924T210522,66.0,cnt:Humidity,/home/parks/tinyIoT/source/server/data.db
20250924T210547,66.0,cnt:Humidity,/home/parks/tinyIoT/source/server/data.db
20250924T210612,66.0,cnt:Humidity,/home/parks/tinyIoT/source/server/data.db
20250924T210636,66.0,cnt:Humidity,/home/parks/tinyIoT/source/server/data.db
20250924T210701,67.0,cnt:Humidity,/home/parks/tinyIoT/source/server/data.db
20250924T210725,66.0,cnt:Humidity,/home/parks/tinyIoT/source/server/data.db
20250924T210750,67.0,cnt:Humidity,/home/parks/tinyIoT/source/server/data.db
20250924T210815,67.0,cnt:Humidity,/home/parks/tinyIoT/source/server/data.db
20250924T210839,67.0,cnt:Humidity,/home/parks/tinyIoT/source/server/data.db
20250924T210904,67.0,cnt:Humidity,/home/parks/tinyIoT/source/server/data.db
20250924T210929,67.0,cnt:Humidity,/home/parks/tinyIoT/source/server/data.db
20250924T210954,67.0,cnt:Humidity,/home/parks/tinyIoT/source/server/data.db
20250924T211018,68.0,cnt:Humidity,/home/parks/tinyIoT/source/server/data.db
20250924T211043,67.0,cnt:Humidity,/home/parks/tinyIoT/source/server/data.db
20250924T211107,68.0,cnt:Humidity,/home/parks/tinyIoT/source/server/data.db
20250924T211132,68.0,cnt:Humidity,/home/parks/tinyIoT/source/server/data.db
20250924T211157,68.0,cnt:Humidity,/home/parks/tinyIoT/source/server/data.db
20250924T211222,68.0,cnt:Humidity,/home/parks/tinyIoT/source/server/data.db
20250924T211246,68.0,cnt:Humidity,/home/parks/tinyIoT/source/server/data.db
20250924T211311,68.0,cnt:Humidity,/home/parks/tinyIoT/source/server/data.db
20250924T211336,68.0,cnt:Humidity,/home/parks/tinyIoT/source/server/data.db
20250924T211401,68.0,cnt:Humidity,/home/parks/tinyIoT/source/server/data.db
20250924T211426,68.0,cnt:Humidity,/home/parks/tinyIoT/source/server/data.db
20250924T211450,68.0,cnt:Humidity,/home/parks/tinyIoT/source/server/data.db
20250924T211515,68.0,cnt:Humidity,/home/parks/tinyIoT/source/server/data.db
20250924T211539,68.0,cnt:Humidity,/home/parks/tinyIoT/source/server/data.db
20250924T211604,68.0,cnt:Humidity,/home/parks/tinyIoT/source/server/data.db
20250924T211629,68.0,cnt:Humidity,/home/parks/tinyIoT/source/server/data.db
20250924T211654,68.0,cnt:Humidity,/home/parks/tinyIoT/source/server/data.db
20250924T211718,69.0,cnt:Humidity,/home/parks/tinyIoT/source/server/data.db
20250924T211743,68.0,cnt:Humidity,/home/parks/tinyIoT/source/server/data.db
20250924T211808,69.0,cnt:Humidity,/home/parks/tinyIoT/source/server/data.db
20250924T211833,69.0,cnt:Humidity,/home/parks/tinyIoT/source/server/data.db
20250924T211858,69.0,cnt:Humidity,/home/parks/tinyIoT/source/server/data.db
20250924T211922,69.0,cnt:Humidity,/home/parks/tinyIoT/source/server/data.db
20250924T211947,69.0,cnt:Humidity,/home/parks/tinyIoT/source/server/data.db
20250924T212012,69.0,cnt:Humidity,/home/parks/tinyIoT/source/server/data.db
20250924T212036,69.0,cnt:Humidity,/home/parks/tinyIoT/source/server/data.db
20250924T212101,69.0,cnt:Humidity,/home/parks/tinyIoT/source/server/data.db
20250924T212126,69.0,cnt:Humidity,/home/parks/tinyIoT/source/server/data.db
20250924T212150,68.0,cnt:Humidity,/home/parks/tinyIoT/source/server/data.db
20250924T212215,69.0,cnt:Humidity,/home/parks/tinyIoT/source/server/data.db
20250924T212240,69.0,cnt:Humidity,/home/parks/tinyIoT/source/server/data.db
20250924T212305,69.0,cnt:Humidity,/home/parks/tinyIoT/source/server/data.db
20250924T212329,69.0,cnt:Humidity,/home/parks/tinyIoT/source/server/data.db
20250924T212354,68.0,cnt:Humidity,/home/parks/tinyIoT/source/server/data.db
20250924T212419,69.0,cnt:Humidity,/home/parks/tinyIoT/source/server/data.db
20250924T212443,68.0,cnt:Humidity,/home/parks/tinyIoT/source/server/data.db
20250924T212508,68.0,cnt:Humidity,/home/parks/tinyIoT/source/server/data.db
20250924T212533,68.0,cnt:Humidity,/home/parks/tinyIoT/source/server/data.db
20250924T212558,68.0,cnt:Humidity,/home/parks/tinyIoT/source/server/data.db
20250924T212623,68.0,cnt:Humidity,/home/parks/tinyIoT/source/server/data.db
20250924T212647,68.0,cnt:Humidity,/home/parks/tinyIoT/source/server/data.db
20250924T212712,67.0,cnt:Humidity,/home/parks/tinyIoT/source/server/data.db
20250924T212737,67.0,cnt:Humidity,/home/parks/tinyIoT/source/server/data.db
20250924T212802,68.0,cnt:Humidity,/home/parks/tinyIoT/source/server/data.db
20250924T212827,67.0,cnt:Humidity,/home/parks/tinyIoT/source/server/data.db
20250924T212852,68.0,cnt:Humidity,/home/parks/tinyIoT/source/server/data.db
20250924T212916,68.0,cnt:Humidity,/home/parks/tinyIoT/source/server/data.db
20250924T212941,67.0,cnt:Humidity,/home/parks/tinyIoT/source/server/data.db
20250924T213006,67.0,cnt:Humidity,/home/parks/tinyIoT/source/server/data.db
20250924T213030,67.0,cnt:Humidity,/home/parks/tinyIoT/source/server/data.db
20250924T213055,68.0,cnt:Humidity,/home/parks/tinyIoT/source/server/data.db
20250924T213120,68.0,cnt:Humidity,/home/parks/tinyIoT/source/server/data.db
20250924T213144,67.0,cnt:Humidity,/home/parks/tinyIoT/source/server/data.db
20250924T213209,68.0,cnt:Humidity,/home/parks/tinyIoT/source/server/data.db
20250924T213234,68.0,cnt:Humidity,/home/parks/tinyIoT/source/server/data.db
20250924T213259,68.0,cnt:Humidity,/home/parks/tinyIoT/source/server/data.db
20250924T213324,67.0,cnt:Humidity,/home/parks/tinyIoT/source/server/data.db
20250924T213348,68.0,cnt:Humidity,/home/parks/tinyIoT/source/server/data.db
20250924T213413,68.0,cnt:Humidity,/home/parks/tinyIoT/source/server/data.db
20250924T213438,68.0,cnt:Humidity,/home/parks/tinyIoT/source/server/data.db
20250924T213503,68.0,cnt:Humidity,/home/parks/tinyIoT/source/server/data.db
20250924T213528,67.0,cnt:Humidity,/home/parks/tinyIoT/source/server/data.db
20250924T213553,68.0,cnt:Humidity,/home/parks/tinyIoT/source/server/data.db
20250924T213618,67.0,cnt:Humidity,/home/parks/tinyIoT/source/server/data.db
20250924T213642,67.0,cnt:Humidity,/home/parks/tinyIoT/source/server/data.db
20250924T213707,67.0,cnt:Humidity,/home/parks/tinyIoT/source/server/data.db
20250924T213732,67.0,cnt:Humidity,/home/parks/tinyIoT/source/server/data.db
20250924T213757,68.0,cnt:Humidity,/home/parks/tinyIoT/source/server/data.db
20250924T213821,68.0,cnt:Humidity,/home/parks/tinyIoT/source/server/data.db
20250924T213846,67.0,cnt:Humidity,/home/parks/tinyIoT/source/server/data.db
20250924T213911,68.0,cnt:Humidity,/home/parks/tinyIoT/source/server/data.db
20250924T213935,67.0,cnt:Humidity,/home/parks/tinyIoT/source/server/data.db
20250924T214000,67.0,cnt:Humidity,/home/parks/tinyIoT/source/server/data.db
20250924T214025,67.0,cnt:Humidity,/home/parks/tinyIoT/source/server/data.db
20250924T214050,67.0,cnt:Humidity,/home/parks/tinyIoT/source/server/data.db
20250924T214114,67.0,cnt:Humidity,/home/parks/tinyIoT/source/server/data.db
20250924T214139,67.0,cnt:Humidity,/home/parks/tinyIoT/source/server/data.db
20250924T214204,67.0,cnt:Humidity,/home/parks/tinyIoT/source/server/data.db
20250924T214228,67.0,cnt:Humidity,/home/parks/tinyIoT/source/server/data.db
20250924T214253,67.0,cnt:Humidity,/home/parks/tinyIoT/source/server/data.db
20250924T214318,67.0,cnt:Humidity,/home/parks/tinyIoT/source/server/data.db
20250924T214343,67.0,cnt:Humidity,/home/parks/tinyIoT/source/server/data.db
20250924T214407,67.0,cnt:Humidity,/home/parks/tinyIoT/source/server/data.db
20250924T214432,67.0,cnt:Humidity,/home/parks/tinyIoT/source/server/data.db
20250924T214457,67.0,cnt:Humidity,/home/parks/tinyIoT/source/server/data.db
20250924T214521,67.0,cnt:Humidity,/home/parks/tinyIoT/source/server/data.db
20250924T214546,67.0,cnt:Humidity,/home/parks/tinyIoT/source/server/data.db
20250924T214611,67.0,cnt:Humidity,/home/parks/tinyIoT/source/server/data.db
20250924T214635,67.0,cnt:Humidity,/home/parks/tinyIoT/source/server/data.db
20250924T214700,67.0,cnt:Humidity,/home/parks/tinyIoT/source/server/data.db
20250924T214725,67.0,cnt:Humidity,/home/parks/tinyIoT/source/server/data.db
20250924T214749,68.0,cnt:Humidity,/home/parks/tinyIoT/source/server/data.db
20250924T214814,67.0,cnt:Humidity,/home/parks/tinyIoT/source/server/data.db
20250924T214839,67.0,cnt:Humidity,/home/parks/tinyIoT/source/server/data.db
20250924T214904,67.0,cnt:Humidity,/home/parks/tinyIoT/source/server/data.db
20250924T214928,67.0,cnt:Humidity,/home/parks/tinyIoT/source/server/data.db
20250924T214953,67.0,cnt:Humidity,/home/parks/tinyIoT/source/server/data.db
20250924T215017,67.0,cnt:Humidity,/home/parks/tinyIoT/source/server/data.db
20250924T215042,67.0,cnt:Humidity,/home/parks/tinyIoT/source/server/data.db
20250924T215107,67.0,cnt:Humidity,/home/parks/tinyIoT/source/server/data.db
20250924T215132,67.0,cnt:Humidity,/home/parks/tinyIoT/source/server/data.db
20250924T215156,67.0,cnt:Humidity,/home/parks/tinyIoT/source/server/data.db
20250924T215221,67.0,cnt:Humidity,/home/parks/tinyIoT/source/server/data.db
20250924T215246,67.0,cnt:Humidity,/home/parks/tinyIoT/source/server/data.db
20250924T215310,67.0,cnt:Humidity,/home/parks/tinyIoT/source/server/data.db
20250924T215335,67.0,cnt:Humidity,/home/parks/tinyIoT/source/server/data.db
20250924T215400,67.0,cnt:Humidity,/home/parks/tinyIoT/source/server/data.db
20250924T215425,67.0,cnt:Humidity,/home/parks/tinyIoT/source/server/data.db
20250924T215449,67.0,cnt:Humidity,/home/parks/tinyIoT/source/server/data.db
20250924T215514,67.0,cnt:Humidity,/home/parks/tinyIoT/source/server/data.db
20250924T215539,67.0,cnt:Humidity,/home/parks/tinyIoT/source/server/data.db
20250924T215604,68.0,cnt:Humidity,/home/parks/tinyIoT/source/server/data.db
20250924T215628,67.0,cnt:Humidity,/home/parks/tinyIoT/source/server/data.db
20250924T215653,67.0,cnt:Humidity,/home/parks/tinyIoT/source/server/data.db
20250924T215718,67.0,cnt:Humidity,/home/parks/tinyIoT/source/server/data.db
20250924T215742,67.0,cnt:Humidity,/home/parks/tinyIoT/source/server/data.db
20250924T215807,67.0,cnt:Humidity,/home/parks/tinyIoT/source/server/data.db
20250924T215832,68.0,cnt:Humidity,/home/parks/tinyIoT/source/server/data.db
20250924T215856,67.0,cnt:Humidity,/home/parks/tinyIoT/source/server/data.db
20250924T215921,67.0,cnt:Humidity,/home/parks/tinyIoT/source/server/data.db
20250924T215946,67.0,cnt:Humidity,/home/parks/tinyIoT/source/server/data.db
20250924T220011,67.0,cnt:Humidity,/home/parks/tinyIoT/source/server/data.db
20250924T220035,67.0,cnt:Humidity,/home/parks/tinyIoT/source/server/data.db
20250924T220100,67.0,cnt:Humidity,/home/parks/tinyIoT/source/server/data.db
20250924T220124,67.0,cnt:Humidity,/home/parks/tinyIoT/source/server/data.db
20250924T220149,67.0,cnt:Humidity,/home/parks/tinyIoT/source/server/data.db
20250924T220214,67.0,cnt:Humidity,/home/parks/tinyIoT/source/server/data.db
20250924T220239,67.0,cnt:Humidity,/home/parks/tinyIoT/source/server/data.db
20250924T220303,67.0,cnt:Humidity,/home/parks/tinyIoT/source/server/data.db
20250924T220328,67.0,cnt:Humidity,/home/parks/tinyIoT/source/server/data.db
20250924T220352,67.0,cnt:Humidity,/home/parks/tinyIoT/source/server/data.db
20250924T220417,67.0,cnt:Humidity,/home/parks/tinyIoT/source/server/data.db
20250924T220442,67.0,cnt:Humidity,/home/parks/tinyIoT/source/server/data.db
20250924T220507,67.0,cnt:Humidity,/home/parks/tinyIoT/source/server/data.db
20250924T220532,67.0,cnt:Humidity,/home/parks/tinyIoT/source/server/data.db
20250924T220556,67.0,cnt:Humidity,/home/parks/tinyIoT/source/server/data.db
20250924T220621,67.0,cnt:Humidity,/home/parks/tinyIoT/source/server/data.db
20250924T220646,67.0,cnt:Humidity,/home/parks/tinyIoT/source/server/data.db
20250924T220710,67.0,cnt:Humidity,/home/parks/tinyIoT/source/server/data.db
20250924T220735,67.0,cnt:Humidity,/home/parks/tinyIoT/source/server/data.db
20250924T220800,67.0,cnt:Humidity,/home/parks/tinyIoT/source/server/data.db
20250924T220825,67.0,cnt:Humidity,/home/parks/tinyIoT/source/server/data.db
20250924T220849,67.0,cnt:Humidity,/home/parks/tinyIoT/source/server/data.db
20250924T220914,67.0,cnt:Humidity,/home/parks/tinyIoT/source/server/data.db
20250924T220939,67.0,cnt:Humidity,/home/parks/tinyIoT/source/server/data.db
20250924T221004,67.0,cnt:Humidity,/home/parks/tinyIoT/source/server/data.db
20250924T221028,67.0,cnt:Humidity,/home/parks/tinyIoT/source/server/data.db
20250924T221053,67.0,cnt:Humidity,/home/parks/tinyIoT/source/server/data.db
20250924T221118,67.0,cnt:Humidity,/home/parks/tinyIoT/source/server/data.db
20250924T221143,68.0,cnt:Humidity,/home/parks/tinyIoT/source/server/data.db
20250924T221207,65.0,cnt:Humidity,/home/parks/tinyIoT/source/server/data.db
20250924T221232,65.0,cnt:Humidity,/home/parks/tinyIoT/source/server/data.db
20250924T221257,64.0,cnt:Humidity,/home/parks/tinyIoT/source/server/data.db
20250924T221322,65.0,cnt:Humidity,/home/parks/tinyIoT/source/server/data.db
20250924T221347,66.0,cnt:Humidity,/home/parks/tinyIoT/source/server/data.db
20250924T221411,66.0,cnt:Humidity,/home/parks/tinyIoT/source/server/data.db
20250924T221436,66.0,cnt:Humidity,/home/parks/tinyIoT/source/server/data.db
20250924T221501,66.0,cnt:Humidity,/home/parks/tinyIoT/source/server/data.db
20250924T221526,66.0,cnt:Humidity,/home/parks/tinyIoT/source/server/data.db
20250924T221550,66.0,cnt:Humidity,/home/parks/tinyIoT/source/server/data.db
20250924T221615,67.0,cnt:Humidity,/home/parks/tinyIoT/source/server/data.db
20250924T221639,67.0,cnt:Humidity,/home/parks/tinyIoT/source/server/data.db
20250924T221704,67.0,cnt:Humidity,/home/parks/tinyIoT/source/server/data.db
20250924T221729,67.0,cnt:Humidity,/home/parks/tinyIoT/source/server/data.db
20250924T221754,67.0,cnt:Humidity,/home/parks/tinyIoT/source/server/data.db
20250924T221818,67.0,cnt:Humidity,/home/parks/tinyIoT/source/server/data.db
20250924T221843,67.0,cnt:Humidity,/home/parks/tinyIoT/source/server/data.db
20250924T221908,67.0,cnt:Humidity,/home/parks/tinyIoT/source/server/data.db
20250924T221932,67.0,cnt:Humidity,/home/parks/tinyIoT/source/server/data.db
20250924T221957,67.0,cnt:Humidity,/home/parks/tinyIoT/source/server/data.db
20250924T222022,67.0,cnt:Humidity,/home/parks/tinyIoT/source/server/data.db
20250924T222047,67.0,cnt:Humidity,/home/parks/tinyIoT/source/server/data.db
20250924T222112,67.0,cnt:Humidity,/home/parks/tinyIoT/source/server/data.db
20250924T222137,67.0,cnt:Humidity,/home/parks/tinyIoT/source/server/data.db
20250924T222201,67.0,cnt:Humidity,/home/parks/tinyIoT/source/server/data.db
20250924T222226,66.0,cnt:Humidity,/home/parks/tinyIoT/source/server/data.db
20250924T222251,66.0,cnt:Humidity,/home/parks/tinyIoT/source/server/data.db
20250924T222316,66.0,cnt:Humidity,/home/parks/tinyIoT/source/server/data.db
20250924T222341,66.0,cnt:Humidity,/home/parks/tinyIoT/source/server/data.db
20250924T222406,66.0,cnt:Humidity,/home/parks/tinyIoT/source/server/data.db
20250924T222431,66.0,cnt:Humidity,/home/parks/tinyIoT/source/server/data.db
20250924T222455,66.0,cnt:Humidity,/home/parks/tinyIoT/source/server/data.db
20250924T222520,66.0,cnt:Humidity,/home/parks/tinyIoT/source/server/data.db
20250924T222545,66.0,cnt:Humidity,/home/parks/tinyIoT/source/server/data.db
20250924T222610,66.0,cnt:Humidity,/home/parks/tinyIoT/source/server/data.db
20250924T222634,65.0,cnt:Humidity,/home/parks/tinyIoT/source/server/data.db
20250924T222659,65.0,cnt:Humidity,/home/parks/tinyIoT/source/server/data.db
20250924T222724,65.0,cnt:Humidity,/home/parks/tinyIoT/source/server/data.db
20250924T222749,65.0,cnt:Humidity,/home/parks/tinyIoT/source/server/data.db
20250924T222813,65.0,cnt:Humidity,/home/parks/tinyIoT/source/server/data.db
20250924T222838,65.0,cnt:Humidity,/home/parks/tinyIoT/source/server/data.db
20250924T222903,64.0,cnt:Humidity,/home/parks/tinyIoT/source/server/data.db
20250924T222928,64.0,cnt:Humidity,/home/parks/tinyIoT/source/server/data.db
20250924T222953,64.0,cnt:Humidity,/home/parks/tinyIoT/source/server/data.db
20250924T223017,64.0,cnt:Humidity,/home/parks/tinyIoT/source/server/data.db
20250924T223042,64.0,cnt:Humidity,/home/parks/tinyIoT/source/server/data.db
20250924T223107,64.0,cnt:Humidity,/home/parks/tinyIoT/source/server/data.db
20250924T223131,64.0,cnt:Humidity,/home/parks/tinyIoT/source/server/data.db
20250924T223156,64.0,cnt:Humidity,/home/parks/tinyIoT/source/server/data.db
20250924T223221,64.0,cnt:Humidity,/home/parks/tinyIoT/source/server/data.db
20250925T143216,60.0,cnt:Humidity,/home/parks/tinyIoT/source/server/data.db
20250925T143241,60.0,cnt:Humidity,/home/parks/tinyIoT/source/server/data.db
20250925T143306,61.0,cnt:Humidity,/home/parks/tinyIoT/source/server/data.db
20250925T143331,61.0,cnt:Humidity,/home/parks/tinyIoT/source/server/data.db
20250925T143356,61.0,cnt:Humidity,/home/parks/tinyIoT/source/server/data.db
20250925T143422,62.0,cnt:Humidity,/home/parks/tinyIoT/source/server/data.db
20250925T143527,62.0,cnt:Humidity,/home/parks/tinyIoT/source/server/data.db
20250925T143552,63.0,cnt:Humidity,/home/parks/tinyIoT/source/server/data.db
20250925T143617,63.0,cnt:Humidity,/home/parks/tinyIoT/source/server/data.db
20250925T143642,63.0,cnt:Humidity,/home/parks/tinyIoT/source/server/data.db
20250925T143707,63.0,cnt:Humidity,/home/parks/tinyIoT/source/server/data.db
20250925T143732,63.0,cnt:Humidity,/home/parks/tinyIoT/source/server/data.db
20250925T143757,64.0,cnt:Humidity,/home/parks/tinyIoT/source/server/data.db
20250925T143822,64.0,cnt:Humidity,/home/parks/tinyIoT/source/server/data.db
20250925T143847,64.0,cnt:Humidity,/home/parks/tinyIoT/source/server/data.db
20250925T143912,64.0,cnt:Humidity,/home/parks/tinyIoT/source/server/data.db
20250925T143938,64.0,cnt:Humidity,/home/parks/tinyIoT/source/server/data.db
20250925T144003,64.0,cnt:Humidity,/home/parks/tinyIoT/source/server/data.db
20250925T144028,64.0,cnt:Humidity,/home/parks/tinyIoT/source/server/data.db
20250925T144053,65.0,cnt:Humidity,/home/parks/tinyIoT/source/server/data.db
20250925T144119,65.0,cnt:Humidity,/home/parks/tinyIoT/source/server/data.db
20250925T144144,65.0,cnt:Humidity,/home/parks/tinyIoT/source/server/data.db
20250925T144209,65.0,cnt:Humidity,/home/parks/tinyIoT/source/server/data.db
20250925T144235,65.0,cnt:Humidity,/home/parks/tinyIoT/source/server/data.db
20250925T144300,65.0,cnt:Humidity,/home/parks/tinyIoT/source/server/data.db
20250925T144325,65.0,cnt:Humidity,/home/parks/tinyIoT/source/server/data.db
20250925T144350,65.0,cnt:Humidity,/home/parks/tinyIoT/source/server/data.db
20250925T144416,66.0,cnt:Humidity,/home/parks/tinyIoT/source/server/data.db
20250925T144441,66.0,cnt:Humidity,/home/parks/tinyIoT/source/server/data.db
20250925T144506,65.0,cnt:Humidity,/home/parks/tinyIoT/source/server/data.db
20250925T144531,66.0,cnt:Humidity,/home/parks/tinyIoT/source/server/data.db
20250925T144557,65.0,cnt:Humidity,/home/parks/tinyIoT/source/server/data.db
20250925T144622,66.0,cnt:Humidity,/home/parks/tinyIoT/source/server/data.db
20250925T144647,66.0,cnt:Humidity,/home/parks/tinyIoT/source/server/data.db
20250925T144712,66.0,cnt:Humidity,/home/parks/tinyIoT/source/server/data.db
20250925T144737,66.0,cnt:Humidity,/home/parks/tinyIoT/source/server/data.db
20250925T144802,66.0,cnt:Humidity,/home/parks/tinyIoT/source/server/data.db
20250925T144827,66.0,cnt:Humidity,/home/parks/tinyIoT/source/server/data.db
20250925T144852,66.0,cnt:Humidity,/home/parks/tinyIoT/source/server/data.db
20250925T144917,66.0,cnt:Humidity,/home/parks/tinyIoT/source/server/data.db
20250925T144942,66.0,cnt:Humidity,/home/parks/tinyIoT/source/server/data.db
20250925T145008,66.0,cnt:Humidity,/home/parks/tinyIoT/source/server/data.db
20250925T145033,66.0,cnt:Humidity,/home/parks/tinyIoT/source/server/data.db
20250925T145058,66.0,cnt:Humidity,/home/parks/tinyIoT/source/server/data.db
20250925T145123,66.0,cnt:Humidity,/home/parks/tinyIoT/source/server/data.db
20250925T145148,66.0,cnt:Humidity,/home/parks/tinyIoT/source/server/data.db
20250925T145213,66.0,cnt:Humidity,/home/parks/tinyIoT/source/server/data.db
20250925T145238,66.0,cnt:Humidity,/home/parks/tinyIoT/source/server/data.db
20250925T145303,66.0,cnt:Humidity,/home/parks/tinyIoT/source/server/data.db
20250925T145329,66.0,cnt:Humidity,/home/parks/tinyIoT/source/server/data.db
20250925T145354,66.0,cnt:Humidity,/home/parks/tinyIoT/source/server/data.db
20250925T145419,66.0,cnt:Humidity,/home/parks/tinyIoT/source/server/data.db
20250925T145444,66.0,cnt:Humidity,/home/parks/tinyIoT/source/server/data.db
20250925T145509,66.0,cnt:Humidity,/home/parks/tinyIoT/source/server/data.db
20250925T145535,66.0,cnt:Humidity,/home/parks/tinyIoT/source/server/data.db
20250925T145600,66.0,cnt:Humidity,/home/parks/tinyIoT/source/server/data.db
20250925T145625,66.0,cnt:Humidity,/home/parks/tinyIoT/source/server/data.db
20250925T145651,66.0,cnt:Humidity,/home/parks/tinyIoT/source/server/data.db
20250925T145716,66.0,cnt:Humidity,/home/parks/tinyIoT/source/server/data.db
20250925T145741,66.0,cnt:Humidity,/home/parks/tinyIoT/source/server/data.db
20250925T145806,66.0,cnt:Humidity,/home/parks/tinyIoT/source/server/data.db
20250925T145831,66.0,cnt:Humidity,/home/parks/tinyIoT/source/server/data.db
20250925T145857,66.0,cnt:Humidity,/home/parks/tinyIoT/source/server/data.db
20250925T145922,66.0,cnt:Humidity,/home/parks/tinyIoT/source/server/data.db
20250925T145947,66.0,cnt:Humidity,/home/parks/tinyIoT/source/server/data.db
20250925T150012,66.0,cnt:Humidity,/home/parks/tinyIoT/source/server/data.db
20250925T150037,66.0,cnt:Humidity,/home/parks/tinyIoT/source/server/data.db
20250925T150102,66.0,cnt:Humidity,/home/parks/tinyIoT/source/server/data.db
20250925T150127,66.0,cnt:Humidity,/home/parks/tinyIoT/source/server/data.db
20250925T150152,66.0,cnt:Humidity,/home/parks/tinyIoT/source/server/data.db
20250925T150217,65.0,cnt:Humidity,/home/parks/tinyIoT/source/server/data.db
20250925T150243,65.0,cnt:Humidity,/home/parks/tinyIoT/source/server/data.db
20250925T150308,65.0,cnt:Humidity,/home/parks/tinyIoT/source/server/data.db
20250925T150333,65.0,cnt:Humidity,/home/parks/tinyIoT/source/server/data.db
20250925T150358,64.0,cnt:Humidity,/home/parks/tinyIoT/source/server/data.db
20250925T150423,64.0,cnt:Humidity,/home/parks/tinyIoT/source/server/data.db
20250925T150449,63.0,cnt:Humidity,/home/parks/tinyIoT/source/server/data.db
20250925T150514,62.0,cnt:Humidity,/home/parks/tinyIoT/source/server/data.db
20250925T150539,61.0,cnt:Humidity,/home/parks/tinyIoT/source/server/data.db
20250925T150604,60.0,cnt:Humidity,/home/parks/tinyIoT/source/server/data.db
20250925T150629,60.0,cnt:Humidity,/home/parks/tinyIoT/source/server/data.db
20250925T150655,59.0,cnt:Humidity,/home/parks/tinyIoT/source/server/data.db
20250925T150720,59.0,cnt:Humidity,/home/parks/tinyIoT/source/server/data.db
20250925T150745,60.0,cnt:Humidity,/home/parks/tinyIoT/source/server/data.db
20250925T150810,60.0,cnt:Humidity,/home/parks/tinyIoT/source/server/data.db
20250925T150836,60.0,cnt:Humidity,/home/parks/tinyIoT/source/server/data.db
20250925T150901,60.0,cnt:Humidity,/home/parks/tinyIoT/source/server/data.db
20250925T150926,60.0,cnt:Humidity,/home/parks/tinyIoT/source/server/data.db
20250925T150951,60.0,cnt:Humidity,/home/parks/tinyIoT/source/server/data.db
20250925T151016,61.0,cnt:Humidity,/home/parks/tinyIoT/source/server/data.db
20250925T151042,61.0,cnt:Humidity,/home/parks/tinyIoT/source/server/data.db
20250925T151107,61.0,cnt:Humidity,/home/parks/tinyIoT/source/server/data.db
20250925T151132,62.0,cnt:Humidity,/home/parks/tinyIoT/source/server/data.db
20250925T151157,62.0,cnt:Humidity,/home/parks/tinyIoT/source/server/data.db
20250925T151223,62.0,cnt:Humidity,/home/parks/tinyIoT/source/server/data.db
20250925T151248,62.0,cnt:Humidity,/home/parks/tinyIoT/source/server/data.db
20250925T151313,63.0,cnt:Humidity,/home/parks/tinyIoT/source/server/data.db
20250925T151338,63.0,cnt:Humidity,/home/parks/tinyIoT/source/server/data.db
20250925T151403,63.0,cnt:Humidity,/home/parks/tinyIoT/source/server/data.db
20250925T151428,63.0,cnt:Humidity,/home/parks/tinyIoT/source/server/data.db
20250925T151454,63.0,cnt:Humidity,/home/parks/tinyIoT/source/server/data.db
20250925T151518,64.0,cnt:Humidity,/home/parks/tinyIoT/source/server/data.db
20250925T151544,64.0,cnt:Humidity,/home/parks/tinyIoT/source/server/data.db
20250925T151609,64.0,cnt:Humidity,/home/parks/tinyIoT/source/server/data.db
20250925T151634,64.0,cnt:Humidity,/home/parks/tinyIoT/source/server/data.db
20250925T151659,64.0,cnt:Humidity,/home/parks/tinyIoT/source/server/data.db
20250925T151724,64.0,cnt:Humidity,/home/parks/tinyIoT/source/server/data.db
20250925T151749,64.0,cnt:Humidity,/home/parks/tinyIoT/source/server/data.db
20250925T151814,65.0,cnt:Humidity,/home/parks/tinyIoT/source/server/data.db
20250925T151840,65.0,cnt:Humidity,/home/parks/tinyIoT/source/server/data.db
20250925T151905,65.0,cnt:Humidity,/home/parks/tinyIoT/source/server/data.db
20250925T151930,65.0,cnt:Humidity,/home/parks/tinyIoT/source/server/data.db
20250925T151955,65.0,cnt:Humidity,/home/parks/tinyIoT/source/server/data.db
20250925T152020,65.0,cnt:Humidity,/home/parks/tinyIoT/source/server/data.db
20250925T152045,65.0,cnt:Humidity,/home/parks/tinyIoT/source/server/data.db
20250925T152110,65.0,cnt:Humidity,/home/parks/tinyIoT/source/server/data.db
20250925T152135,65.0,cnt:Humidity,/home/parks/tinyIoT/source/server/data.db
20250925T152201,66.0,cnt:Humidity,/home/parks/tinyIoT/source/server/data.db
20250925T152226,66.0,cnt:Humidity,/home/parks/tinyIoT/source/server/data.db
20250925T152251,66.0,cnt:Humidity,/home/parks/tinyIoT/source/server/data.db
20250925T152316,66.0,cnt:Humidity,/home/parks/tinyIoT/source/server/data.db
20250925T152341,66.0,cnt:Humidity,/home/parks/tinyIoT/source/server/data.db
20250925T152407,66.0,cnt:Humidity,/home/parks/tinyIoT/source/server/data.db
20250925T152432,66.0,cnt:Humidity,/home/parks/tinyIoT/source/server/data.db
20250925T152457,66.0,cnt:Humidity,/home/parks/tinyIoT/source/server/data.db
20250925T152522,66.0,cnt:Humidity,/home/parks/tinyIoT/source/server/data.db
20250925T152547,66.0,cnt:Humidity,/home/parks/tinyIoT/source/server/data.db
20250925T152612,66.0,cnt:Humidity,/home/parks/tinyIoT/source/server/data.db
20250925T152637,66.0,cnt:Humidity,/home/parks/tinyIoT/source/server/data.db
20250925T152702,66.0,cnt:Humidity,/home/parks/tinyIoT/source/server/data.db
20250925T152728,66.0,cnt:Humidity,/home/parks/tinyIoT/source/server/data.db
20250925T152752,66.0,cnt:Humidity,/home/parks/tinyIoT/source/server/data.db
20250925T152818,66.0,cnt:Humidity,/home/parks/tinyIoT/source/server/data.db
20250925T152843,67.0,cnt:Humidity,/home/parks/tinyIoT/source/server/data.db
20250925T152908,66.0,cnt:Humidity,/home/parks/tinyIoT/source/server/data.db
20250925T152933,66.0,cnt:Humidity,/home/parks/tinyIoT/source/server/data.db
20250927T150935,50.0,cnt:Humidity,/home/parks/tinyIoT/source/server/data.db
20250927T151000,50.0,cnt:Humidity,/home/parks/tinyIoT/source/server/data.db
20250927T151025,50.0,cnt:Humidity,/home/parks/tinyIoT/source/server/data.db
20250927T151051,50.0,cnt:Humidity,/home/parks/tinyIoT/source/server/data.db
